min,max,ave_km,trips
0,2,0.919898062,154814.8314
2,5,2.870792278,33981.02567
5,11,6.833690961,1896.740379
11,18,13.1290634,120.0575337
18,27,21.18906578,10.84191517
27,38,30.5767,2.338152315
38,150,149.6649,1.30899975
