min,max,ave_km,trips
0,2,0.698325458,52483.48927
2,5,2.974076326,3389.522347
5,11,6.938553462,307.3090902
11,18,12.20045258,0
18,27,13.51812,0
