min,max,ave_km,trips
0,2,0.749320616,45557.89135
2,5,2.932408046,5979.616415
5,11,7.13290727,310.9459655
11,18,12.29965,0
18,27,21.72555,0
