min,max,ave_km,trips
0,2,0.755585664,139500.6191
2,5,2.825947829,11664.8766
5,11,6.905071147,315.4278521
11,18,12.21414555,0
18,27,21.72555,0
