min,max,ave_km,trips
0,2,0.773555901,53914.39259
2,5,2.843805074,4741.663185
5,11,6.881975318,167.917668
11,18,13.10795365,14.61699005
18,237,236.019938,0.974223451
