min,max,ave_km,trips
0,2,0.848723614,3091.689123
2,5,2.9841296,415.3224404
5,11,6.248929493,16.56917598
