min,max,ave_km,trips
0,2,1.230619269,215.3961969
2,6,3.352671307,231.8333221
6,12,7.689320364,80.71546419
12,20,13.7984632,29.92050475
20,58,49.485975,2.420282213
