min,max,ave_km,trips
0,2,0.789537317,135538.0897
2,5,2.74802528,10001.83844
5,11,6.44391393,113.9712937
11,18,11.80153333,0
