min,max,ave_km,trips
0,2,0.842318716,25258.19764
2,5,2.935357476,3520.999962
5,11,6.91350096,184.8728825
11,18,12.84059275,0
18,27,21.18911667,0
