min,max,ave_km,trips
0,2,0.808389138,11972.99094
2,5,2.785424819,893.8143132
5,11,6.108636744,21.21205755
11,27,20.9209,0.798806708
27,18,12.10215224,3.06924297
