min,max,ave_km,trips
0,2,0.932536993,45989.1934
2,5,2.872524642,10076.72804
5,11,6.77885791,376.2892448
11,18,13.86040647,18.41243292
18,27,20.11625,1.264873994
