min,max,ave_km,trips
0,2,0.677885808,17523.51752
2,5,2.881375748,909.9971667
5,11,7.070493547,44.02128292
11,18,12.86311015,6.333832191
