min,max,ave_km,trips
0,2,0.778451329,6799.301096
2,5,2.934290243,662.7918898
5,11,6.793942081,32.77143258
11,18,11.667425,3.243138599
18,27,22.5302,1.646135509
