min,max,ave_km,trips
0,2,0.723280206,25191.52486
2,5,2.731569414,1287.862623
5,11,6.658614005,41.81492362
11,18,12.60618333,2.732938582
