min,max,ave_km,trips
0,2,1.166763815,272.8641055
2,6,3.875557885,481.5153306
6,12,8.421205078,320.9706113
12,20,15.23985344,242.0930096
20,31,24.08432958,92.20067228
31,43,36.32995131,46.7168199
43,58,50.55660973,12.44313177
58,75,66.558349,12.88917843
75,95,84.59971248,10.93884191
95,117,109.115578,5.764345594
117,142,128.744,1.985537171
142,169,152.8835,1.343889508
