min,max,ave_km,trips
0,2,1.19324731,242.8513286
2,6,3.471665111,136.4145937
6,12,8.811102325,20.14534526
12,20,16.05447487,5.383227586
