min,max,ave_km,trips
0,2,0.883394142,9887.248711
2,5,2.992495431,2429.451705
5,11,6.611978156,277.9764581
11,18,12.23229953,46.95791712
18,27,21.1220625,10.52755405
