min,max,ave_km,trips
0,2,1.084788466,156.0924341
2,5,3.156157592,27.99863703
5,11,6.839525,3.428200536
